,Family 1,Family 2,Scicore 1,Scicore 2,Diff Score
0,DIAMOND,DIAMOND,False,False,41
1,DIAMOND,StringTie,False,False,74
2,DIAMOND,CMake,False,False,73
3,DIAMOND,Perl,False,False,91
4,RStudio-Server,RStudio-Server,False,False,4
5,RStudio-Server,RStudio-Server,False,False,2
6,RStudio-Server,RStudio-Server,False,False,3
7,RStudio-Server,RStudio-Server,False,False,8
8,RStudio-Server,RStudio-Server,False,False,142
9,RStudio-Server,RStudio-Server,False,False,6
10,RStudio-Server,RStudio-Server,False,False,23
11,RStudio-Server,RStudio-Server,False,False,22
12,RStudio-Server,libgd,False,False,207
13,Infernal,Infernal,False,False,32
14,Infernal,SQLite,False,False,66
15,Infernal,git,False,False,70
16,FragPipe,FragPipe,False,False,32
17,FragPipe,ant,False,False,209
18,libgd,libgd,False,False,136
19,libgd,libgd,False,False,43
20,libgd,netCDF-Fortran,False,False,108
21,libgd,GSL,False,False,60
22,libgd,netCDF-Fortran,False,False,105
23,Z3,Z3,False,False,22
24,Z3,BigDFT,False,False,93
25,ant,ant,False,False,13
26,ant,ant,False,False,86
27,ant,ant,False,False,9
28,ant,cjarchiver,False,False,187
29,HTSlib,HTSlib,False,False,30
30,HTSlib,HTSlib,False,False,39
31,HTSlib,HTSlib,False,False,62
32,HTSlib,HTSlib,False,False,57
33,HTSlib,SAMtools,False,False,46
34,HTSlib,HTSlib,False,False,20
35,HTSlib,libarchive,False,False,51
36,HTSlib,GCC,False,False,67
37,hwloc,hwloc,False,False,80
38,hwloc,hwloc,False,False,37
39,hwloc,hwloc,False,False,48
40,hwloc,pkgconf,False,False,86
41,hwloc,hwloc,False,False,37
42,hwloc,hwloc,False,False,67
43,hwloc,binutils,False,False,89
44,hwloc,PSIPRED,False,False,81
45,hwloc,hwloc,False,False,57
46,hwloc,LibTIFF,False,False,111
47,hwloc,OpenMPI,False,False,25
48,hwloc,OpenMPI,False,False,52
49,Trycycler,Trycycler,False,False,23
50,Trycycler,Unicycler,False,False,35
51,Trycycler,Unicycler,False,False,67
52,LAME,LAME,False,False,37
53,LAME,LAME,False,False,28
54,LAME,LAME,False,False,42
55,LAME,BWA,False,False,64
56,pkg-config,pkg-config,False,False,11
57,pkg-config,pkg-config,False,False,19
58,pkg-config,pkg-config,False,False,21
59,pkg-config,pkg-config,False,False,34
60,pkg-config,pkg-config,False,False,31
61,pkg-config,M4,False,False,100
62,pkg-config,tmux,False,False,113
63,PROJ,PROJ,False,False,82
64,PROJ,file,False,False,100
65,PROJ,PROJ,False,False,67
66,PROJ,TRE,False,False,88
67,ipyrad,future,False,False,59
68,ipyrad,future,False,False,73
69,CapnProto,CapnProto,False,False,136
70,CapnProto,CapnProto,False,False,18
71,CapnProto,binutils,False,False,207
72,Vim,Vim,False,False,29
73,Vim,git,False,False,49
74,BEDOPS,BEDOPS,False,False,57
75,BEDOPS,BEDOPS,False,False,21
76,BEDOPS,SQLite,False,False,53
77,numpy,matplotlib,False,False,35
78,FastANI,CD-HIT,False,False,72
79,FastANI,kallisto,False,False,84
80,LibTIFF,LibTIFF,False,False,65
81,LibTIFF,LibTIFF,False,False,64
82,LibTIFF,LibTIFF,False,False,80
83,LibTIFF,LibTIFF,False,False,69
84,LibTIFF,libsndfile,False,False,112
85,libtool,libtool,False,False,2
86,libtool,libtool,False,False,3
87,libtool,libtool,False,False,3
88,libtool,libtool,False,False,1
89,libtool,libtool,False,False,4
90,libtool,libtool,False,False,8
91,libtool,libtool,False,False,5
92,libtool,libtool,False,False,3
93,libtool,libtool,False,False,5
94,libtool,libtool,False,False,5
95,libtool,libtool,False,False,7
96,libtool,libtool,False,False,5
97,libtool,Automake,False,False,160
98,GEOS,GEOS,False,False,24
99,GEOS,GEOS,False,False,23
100,GEOS,GEOS,False,False,62
101,GEOS,GEOS,False,False,34
102,GEOS,PCRE2,False,False,114
103,Yasm,Yasm,False,False,31
104,Yasm,Yasm,False,False,47
105,Yasm,tmux,False,False,66
106,Yasm,libarchive,False,False,74
107,groff,groff,False,False,86
108,groff,groff,False,False,24
109,groff,groff,False,False,67
110,groff,gperf,False,False,69
111,CUDA,CUDA,False,False,34
112,PostgreSQL,PostgreSQL,False,False,16
113,PostgreSQL,PostgreSQL,False,False,64
114,PostgreSQL,PostgreSQL,False,False,44
115,PostgreSQL,PostgreSQL,False,False,52
116,PostgreSQL,BLAST,False,False,85
117,PEAR,PEAR,False,False,5
118,PEAR,SAMtools,False,False,211
119,libiconv,libiconv,False,False,50
120,libiconv,gettext,False,False,76
121,wget,Bison,False,False,61
122,wget,Bison,False,False,60
123,FFmpeg,FFmpeg,False,False,23
124,FFmpeg,FFmpeg,False,False,33
125,FFmpeg,FFmpeg,False,False,24
126,FFmpeg,FFmpeg,False,False,39
127,FFmpeg,FLAC,False,False,95
128,swarm,CUDA,False,False,127
129,swarm,bzip2,False,False,133
130,nodejs,nodejs,False,False,113
131,nodejs,nodejs,False,False,27
132,nodejs,SRA-Toolkit,False,False,101
133,nodejs,nodejs,False,False,50
134,nodejs,ANTs,False,False,115
135,GEMMA,AUGUSTUS,False,False,66
136,GEMMA,BLAST+,False,False,212
137,matplotlib,matplotlib,False,False,23
138,h5py,tqdm,False,False,54
139,Velvet,Velvet,False,False,41
140,Velvet,Velvet,False,False,76
141,Velvet,LMDB,False,False,63
142,dssp,freebayes,False,False,107
143,dssp,dssp,False,False,58
144,dssp,Salmon,False,False,121
145,dssp,fastp,False,False,66
146,ViennaRNA,ViennaRNA,False,False,7
147,ViennaRNA,Miniasm,False,False,117
148,ViennaRNA,NASM,False,False,167
149,GCCcore,GCCcore,False,False,50
150,GCCcore,GCCcore,False,False,49
151,GCCcore,GCCcore,False,False,26
152,GCCcore,GCCcore,False,False,14
153,GCCcore,GCCcore,False,False,32
154,GCCcore,GCCcore,False,False,61
155,GCCcore,GCCcore,False,False,55
156,GCCcore,GCCcore,False,False,30
157,GCCcore,GCCcore,False,False,60
158,GCCcore,gettext,False,False,92
159,GCCcore,gettext,False,False,99
160,Mash,Preseq,False,False,66
161,Mash,Mash,False,False,85
162,Mash,ClustalW2,False,False,67
163,HyPhy,git,False,False,79
164,HyPhy,Salmon,False,False,143
165,wkhtmltopdf,wkhtmltopdf,False,False,11
166,wkhtmltopdf,RevBayes,False,False,87
167,parallel,parallel,False,False,21
168,parallel,GootLoader,False,True,175
169,RSEM,RSEM,False,False,95
170,RSEM,MUMmer,False,False,91
171,RSEM,Cas-OFFinder,False,False,94
172,pigz,pigz,False,False,47
173,pigz,M4,False,False,79
174,pigz,gperf,False,False,78
175,libxml2,libxml2,False,False,22
176,libxml2,libxml2,False,False,25
177,libxml2,libxml2,False,False,57
178,libxml2,libxml2,False,False,12
179,libxml2,libxml2,False,False,63
180,libxml2,libpng,False,False,101
181,libxml2,libxml2,False,False,47
182,libxml2,libxml2,False,False,12
183,libxml2,libxml2,False,False,32
184,libxml2,cairo,False,False,146
185,Pandoc,Pandoc,False,False,53
186,Pandoc,Dorado,False,False,264
187,BLAT,BLAT,False,False,26
188,BLAT,BLAT,False,False,30
189,BLAT,BCFtools,False,False,71
190,BLAT,Qhull,False,False,70
191,Beast,Beast,False,False,33
192,Beast,Beast2,False,False,17
193,Beast,Rust,False,False,230
194,Beast,Beast2,False,False,17
195,Clang,Clang,False,False,68
196,Clang,VASP,False,False,148
197,PAML,PAML,False,False,29
198,PAML,FastTree,False,False,84
199,Subread,Bison,False,False,83
200,Subread,Subread,False,False,73
201,Subread,Subread,False,False,34
202,Subread,STAR,False,False,83
203,SOAPdenovo2,SOAPdenovo2,False,False,16
204,SOAPdenovo2,cURL,False,False,104
205,SOAPdenovo2,StringTie,False,False,66
206,prokka,prokka,False,False,15
207,prokka,FFTW,False,False,167
208,matplotlib,matplotlib,False,False,72
209,Go,Go,False,False,87
210,Go,Go,False,False,40
211,Go,BLAST+,False,False,129
212,Stacks,Stacks,False,False,5
213,Stacks,Stacks,False,False,11
214,Stacks,Stacks,False,False,3
215,Stacks,Stacks,False,False,8
216,Stacks,Stacks,False,False,64
217,Stacks,kallisto,False,False,95
218,SWIG,SWIG,False,False,33
219,SWIG,SWIG,False,False,19
220,SWIG,SWIG,False,False,36
221,SWIG,SWIG,False,False,60
222,SWIG,SAMtools,False,False,63
223,SWIG,Perl,False,False,72
224,MM-align,MM-align,False,False,51
225,MM-align,Jellyfish,False,False,113
226,libpng,libpng,False,False,3
227,libpng,libpng,False,False,7
228,libpng,libpng,False,False,8
229,libpng,libpng,False,False,7
230,libpng,libpng,False,False,1
231,libpng,libpng,False,False,5
232,libpng,libpng,False,False,21
233,libpng,libpng,False,False,23
234,libpng,libpng,False,False,28
235,libpng,NSPR,False,False,139
236,xlsx2csv,xlsx2csv,False,False,3
237,xlsx2csv,MView,False,False,195
238,ncurses,ncurses,False,False,5
239,ncurses,ncurses,False,False,25
240,ncurses,ncurses,False,False,18
241,ncurses,ncurses,False,False,11
242,ncurses,ncurses,False,False,20
243,ncurses,ncurses,False,False,39
244,ncurses,ncurses,False,False,41
245,ncurses,ncurses,False,False,16
246,ncurses,ncurses,False,False,31
247,ncurses,ncurses,False,False,52
248,ncurses,ncurses,False,False,74
249,ncurses,ncurses,False,False,32
250,ncurses,ncurses,False,False,18
251,ncurses,ncurses,False,False,45
252,ncurses,ncurses,False,False,19
253,ncurses,ncurses,False,False,133
254,ncurses,ncurses,False,False,92
255,ncurses,ncurses,False,False,38
256,ncurses,FLTK,False,False,189
257,MEME,ProMod3,False,False,181
258,MEME,SAMtools,False,False,62
259,fineRADstructure,kallisto,False,False,70
260,fineRADstructure,SortMeRNA,False,False,62
261,fineRADstructure,Bison,False,False,91
262,ANTs,RELION,False,False,168
263,ANTs,SRA-Toolkit,False,False,104
264,libxslt,libxslt,False,False,54
265,libxslt,libxslt,False,False,49
266,libxslt,libxslt,False,False,63
267,libxslt,DBus,False,False,88
268,cutadapt,cutadapt,False,False,22
269,cutadapt,cutadapt,False,False,24
270,cutadapt,Meson,False,False,30
271,cutadapt,cutadapt,False,False,18
272,cutadapt,KvarQ,False,False,88
273,cutadapt,wheel,False,False,55
274,cutadapt,deepTools,False,False,117
275,BamTools,BamTools,False,False,39
276,BamTools,kallisto,False,False,63
277,BamTools,VCFtools,False,False,106
278,BamTools,ClustalW2,False,False,67
279,RMBlast,BLAST+,False,False,71
280,RMBlast,RMBlast,False,False,19
281,RMBlast,BLAST+,False,False,58
282,RMBlast,RMBlast,False,False,42
283,RMBlast,SRA-Toolkit,False,False,48
284,Mako,h5py,False,False,78
285,Mako,Mako,False,False,45
286,Mako,tqdm,False,False,55
287,MultiQC,MultiQC,False,False,15
288,MultiQC,MACS2,False,False,113
289,MultiQC,MultiQC,False,False,34
290,MultiQC,ipyparallel,False,False,79
291,MultiQC,PLIP,False,False,117
292,nettle,nettle,False,False,31
293,nettle,nettle,False,False,36
294,nettle,gzip,False,False,158
295,Aspera-Connect,Aspera-Connect,False,False,85
296,Aspera-Connect,HTSeq,False,False,220
297,Aspera-Connect,ProMod3,False,False,173
298,gnuplot,RAxML-NG,False,False,71
299,gnuplot,gnuplot,False,False,46
300,gnuplot,gnuplot,False,False,50
301,gnuplot,BCFtools,False,False,63
302,gnuplot,SAMtools,False,False,84
303,PLINK,MAGMA,False,False,78
304,PLINK,git,False,False,111
305,PLIP,util-linux,False,False,181
306,PLIP,numpy,False,False,162
307,PLIP,tqdm,False,False,52
308,PLIP,ARIBA,False,False,115
309,ARAGORN,ARAGORN,False,False,22
310,ARAGORN,o2scl,False,False,175
311,CMake,CMake,False,False,11
312,CMake,CMake,False,False,6
313,CMake,CMake,False,False,26
314,CMake,CMake,False,False,22
315,CMake,CMake,False,False,7
316,CMake,CMake,False,False,47
317,CMake,CMake,False,False,18
318,CMake,CMake,False,False,64
319,CMake,CMake,False,False,8
320,CMake,CMake,False,False,19
321,CMake,CMake,False,False,21
322,CMake,CMake,False,False,18
323,CMake,CMake,False,False,35
324,CMake,CMake,False,False,60
325,CMake,CMake,False,False,29
326,CMake,CMake,False,False,32
327,CMake,CMake,False,False,12
328,CMake,CMake,False,False,10
329,CMake,IQ-TREE,False,False,72
330,CMake,CMake,False,False,40
331,CMake,git,False,False,81
332,CMake,CMake,False,False,51
333,CMake,CMake,False,False,16
334,CMake,CMake,False,False,17
335,CMake,CMake,False,False,79
336,CMake,Mothur,False,False,85
337,CMake,CMake,False,False,106
338,CMake,IQ-TREE,False,False,105
339,GDAL,UCC,False,False,117
340,GDAL,GDAL,False,False,64
341,GDAL,libgeotiff,False,False,104
342,GDAL,R,False,False,94
343,GDAL,UDUNITS,False,False,81
344,TRF,TRF,False,False,35
345,TRF,Cas-OFFinder,False,False,128
346,SPAdes,SPAdes,False,False,71
347,SPAdes,SPAdes,False,False,40
348,SPAdes,Minia,False,False,132
349,libgeotiff,xprop,False,False,82
350,libgeotiff,libgeotiff,False,False,8
351,libgeotiff,gettext,False,False,101
352,Bowtie2,Bowtie2,False,False,21
353,Bowtie2,Bowtie2,False,False,19
354,Bowtie2,Bowtie2,False,False,9
355,Bowtie2,Bowtie2,False,False,16
356,Bowtie2,MView,False,False,195
357,Bowtie2,Bowtie2,False,False,6
358,Bowtie2,HISAT2,False,False,33
359,Bowtie2,HISAT2,False,False,81
360,pytest,pytest,False,False,28
361,pytest,Unicycler,False,False,60
362,freetype,freetype,False,False,30
363,freetype,freetype,False,False,24
364,freetype,freetype,False,False,29
365,freetype,freetype,False,False,116
366,freetype,freetype,False,False,13
367,freetype,freetype,False,False,20
368,freetype,freetype,False,False,25
369,freetype,freetype,False,False,40
370,freetype,netCDF-Fortran,False,False,199
371,StringTie,StringTie,False,False,78
372,StringTie,StringTie,False,False,30
373,StringTie,SAMtools,False,False,72
374,StringTie,STAR,False,False,110
375,file,file,False,False,85
376,file,ISA-L,False,False,85
377,file,TRE,False,False,77
378,mosdepth,M4,False,False,205
379,mosdepth,M4,False,False,70
380,Python,Python,False,False,87
381,Python,Python,False,False,8
382,Python,Python,False,False,35
383,Python,Python,False,False,77
384,Python,Python,False,False,23
385,Python,Python,False,False,70
386,Python,DB,False,False,90
387,Python,Python,False,False,97
388,Python,Python,False,False,57
389,Python,fontconfig,False,False,71
390,Python,Python,False,False,40
391,Python,Python,False,False,71
392,Python,Python,False,False,31
393,Python,fontconfig,False,False,79
394,Python,Python,False,False,7
395,Python,Python,False,False,22
396,Python,Python,False,False,7
397,Python,Python,False,False,70
398,Python,Python,False,False,25
399,Python,Python,False,False,89
400,Python,Python,False,False,28
401,Python,GMAP-GSNAP,False,False,103
402,Python,fontconfig,False,False,64
403,Python,libxsmm,False,False,87
404,Python,Python,False,False,10
405,Python,OpenMPI,False,False,95
406,Python,Python,False,False,76
407,Python,Python,False,False,11
408,Python,Java,False,False,70
409,Python,OpenMPI,False,False,128
410,Python,OpenMPI,False,False,51
411,HDF5,HDF5,False,False,23
412,HDF5,HDF5,False,False,14
413,HDF5,HDF5,False,False,40
414,HDF5,HDF5,False,False,36
415,HDF5,HDF5,False,False,33
416,HDF5,HDF5,False,False,63
417,HDF5,HDF5,False,False,47
418,HDF5,HDF5,False,False,59
419,HDF5,HDF5,False,False,51
420,HDF5,HDF5,False,False,16
421,HDF5,HDF5,False,False,83
422,HDF5,HDF5,False,False,73
423,HDF5,HDF5,False,False,13
424,HDF5,M4,False,False,83
425,HDF5,netCDF,False,False,88
426,ExaML,ExaML,False,False,65
427,ExaML,SortMeRNA,False,False,91
428,Barrnap,libxsmm,False,False,197
429,HISAT2,HISAT2,False,False,5
430,HISAT2,HISAT2,False,False,21
431,HISAT2,HISAT2,False,False,21
432,HISAT2,help2man,False,False,163
433,eXpress,eXpress,False,False,30
434,eXpress,RELION,False,False,110
435,numactl,numactl,False,False,26
436,numactl,numactl,False,False,63
437,numactl,numactl,False,False,27
438,numactl,numactl,False,False,3
439,numactl,numactl,False,False,36
440,numactl,binutils,False,False,74
441,numactl,numactl,False,False,26
442,numactl,numactl,False,False,27
443,numactl,numactl,False,False,48
444,numactl,numactl,False,False,52
445,numactl,PMIx,False,False,96
446,CellRanger,CellRanger,False,False,36
447,CellRanger,CellRanger,False,False,30
448,CellRanger,CellRanger,False,False,25
449,CellRanger,CellRanger,False,False,106
450,CellRanger,BLAST+,False,False,182
451,IPython,IPython,False,False,26
452,IPython,Flye,False,False,48
453,IPython,GTDB-Tk,False,False,66
454,IPython,numba,False,False,156
455,AMOS,AMOS,False,False,11
456,AMOS,FreeSurfer,False,False,190
457,SoX,XZ,False,False,80
458,SoX,XZ,False,False,60
459,UCC,UCC,False,False,58
460,UCC,Julia,False,False,127
461,VCFtools,ClustalW2,False,False,62
462,VCFtools,VCFtools,False,False,53
463,VCFtools,VCFtools,False,False,80
464,VCFtools,VCFtools,False,False,58
465,VCFtools,ClustalW2,False,False,61
466,Pango,PSIPRED,False,False,135
467,Pango,fontconfig,False,False,117
468,expat,expat,False,False,61
469,expat,expat,False,False,82
470,expat,HarfBuzz,False,False,147
471,expat,expat,False,False,41
472,expat,expat,False,False,79
473,expat,gettext,False,False,89
474,expat,expat,False,False,4
475,expat,expat,False,False,22
476,expat,expat,False,False,71
477,expat,binutils,False,False,94
478,OpenJPEG,M4,False,False,98
479,OpenJPEG,LMDB,False,False,72
480,elfutils,elfutils,False,False,74
481,elfutils,Qhull,False,False,97
482,GTDB-Tk,Tensorflow,False,False,54
483,GTDB-Tk,GTDB-Tk,False,False,102
484,GTDB-Tk,numpy,False,False,79
485,deepTools,hypothesis,False,False,109
486,deepTools,HTSeq,False,False,142
487,deepTools,Tensorflow,False,False,103
488,libxsmm,R,False,False,87
489,libxsmm,GMAP-GSNAP,False,False,82
490,libxsmm,PSIPRED,False,False,112
491,Raster3D,Raster3D,False,False,143
492,Raster3D,OpenStructure,False,False,159
493,Raster3D,Raster3D,False,False,103
494,Raster3D,x265,False,False,139
495,Brotli,Brotli,False,False,16
496,Brotli,ClustalW2,False,False,131
497,JAGS,JAGS,False,False,62
498,JAGS,JAGS,False,False,106
499,JAGS,Micro-Manager,False,False,172
500,labkey-api-python,labkey-api-python,False,False,14
501,labkey-api-python,wheel,False,False,58
502,PLUMED,PLUMED,False,False,13
503,PLUMED,PLUMED,False,False,70
504,PLUMED,PCRE,False,False,94
505,PLUMED,FFTW,False,False,122
506,UCX,UCX,False,False,42
507,UCX,UCX,False,False,122
508,UCX,UCX,False,False,51
509,UCX,icc,False,False,214
510,BCFtools,BCFtools,False,False,11
511,BCFtools,BCFtools,False,False,15
512,BCFtools,BCFtools,False,False,23
513,BCFtools,BCFtools,False,False,73
514,BCFtools,BCFtools,False,False,33
515,BCFtools,SAMtools,False,False,40
516,BCFtools,BCFtools,False,False,36
517,BCFtools,SAMtools,False,False,53
518,BCFtools,kentUtils,False,False,55
519,OpenBabel,OpenBabel,False,False,143
520,OpenBabel,OpenBabel,False,False,72
521,OpenBabel,PMIx,False,False,113
522,OpenBabel,OpenBabel,False,False,59
523,OpenBabel,Miniasm,False,False,146
524,CUDA,CUDA,False,False,2
525,CUDA,CUDA,False,False,18
526,CUDA,CUDA,False,False,1
527,CUDA,CUDA,False,False,1
528,CUDA,CUDA,False,False,16
529,CUDA,CUDA,False,False,4
530,CUDA,CUDA,False,False,13
531,CUDA,CUDA,False,False,16
532,CUDA,CUDA,False,False,56
533,CUDA,libarchive,False,False,67
534,CUDA,SAMtools,False,False,91
535,UnZip,UnZip,False,False,64
536,UnZip,UnZip,False,False,24
537,UnZip,UnZip,False,False,56
538,UnZip,cURL,False,False,78
539,libjpeg-turbo,libjpeg-turbo,False,False,42
540,libjpeg-turbo,libjpeg-turbo,False,False,37
541,libjpeg-turbo,libjpeg-turbo,False,False,43
542,libjpeg-turbo,libjpeg-turbo,False,False,60
543,libjpeg-turbo,libjpeg-turbo,False,False,76
544,libjpeg-turbo,gettext,False,False,74
545,libxc,ZeroMQ,False,False,99
546,libxc,libxc,False,False,117
547,libxc,libxc,False,False,88
548,libxc,GSL,False,False,84
549,libxc,GSL,False,False,47
550,ZeroMQ,GSL,False,False,74
551,ZeroMQ,Java,False,False,110
552,ZeroMQ,GMAP-GSNAP,False,False,61
553,Xerces-C++,Xerces-C++,False,False,17
554,Xerces-C++,Xerces-C++,False,False,51
555,Xerces-C++,tmux,False,False,167
556,Xerces-C++,Xerces-C,False,False,8
557,Xerces-C++,Xerces-C,False,False,58
558,Perl,Perl,False,False,28
559,Perl,Perl,False,False,17
560,Perl,SQLite,False,False,59
561,Perl,Perl,False,False,7
562,Perl,Perl,False,False,18
563,Perl,Perl,False,False,14
564,Perl,Perl,False,False,20
565,Perl,Perl,False,False,33
566,Perl,Perl,False,False,43
567,Perl,Perl,False,False,65
568,Perl,git,False,False,86
569,Perl,SAMtools,False,False,40
570,HarfBuzz,HarfBuzz,False,False,42
571,HarfBuzz,FFTW,False,False,81
572,IQ-TREE,IQ-TREE,False,False,8
573,IQ-TREE,IQ-TREE,False,False,36
574,IQ-TREE,IQ-TREE,False,False,29
575,IQ-TREE,IQ-TREE,False,False,36
576,IQ-TREE,IQ-TREE,False,False,65
577,IQ-TREE,BLAST,False,False,100
578,IQ-TREE,IQ-TREE,False,False,14
579,IQ-TREE,Emacs,False,False,76
580,SCons,SCons,False,False,72
581,SCons,SCons,False,False,21
582,SCons,intltool,False,False,145
583,cdbfasta,cdbfasta,False,False,51
584,cdbfasta,cdbfasta,False,False,43
585,cdbfasta,netCDF,False,False,79
586,GLib,GLib,False,False,15
587,GLib,intltool,False,False,137
588,Rust,Rust,False,False,116
589,Rust,ProMod3,False,False,180
590,METIS,METIS,False,False,44
591,METIS,METIS,False,False,51
592,METIS,gettext,False,False,89
593,BayPass,SortMeRNA,False,False,67
594,BayPass,SortMeRNA,False,False,101
595,BayPass,RAxML-NG,False,False,96
596,CONTRAlign,CONTRAlign,False,False,11
597,CONTRAlign,RAxML,False,False,94
598,plmc,LMDB,False,False,98
599,hivtrace,future,False,False,85
600,hivtrace,Meson,False,False,30
601,ipyparallel,ipyparallel,False,False,17
602,ipyparallel,SciPy-bundle,False,False,128
603,LLVM,LLVM,False,False,91
604,LLVM,LLVM,False,False,43
605,LLVM,BLAST+,False,False,139
606,LLVM,LLVM,False,False,86
607,LLVM,CD-HIT,False,False,81
608,Dorado,Dorado,False,False,49
609,Dorado,BEDTools,False,False,116
610,Dorado,LDC,False,False,133
611,FSL,numpy,False,False,219
612,Qt,Qt,False,False,40
613,Qt,Qt,False,False,67
614,Qt,kallisto,False,False,91
615,R,R,False,False,12
616,R,R,False,False,21
617,R,R,False,False,9
618,R,R,False,False,2
619,R,R,False,False,36
620,R,R,False,False,11
621,R,R,False,False,8
622,R,R,False,False,21
623,R,R,False,False,4
624,R,R,False,False,4
625,R,R,False,False,13
626,R,R,False,False,157
627,R,R,False,False,16
628,R,R,False,False,63
629,R,R,False,False,4
630,R,R,False,False,11
631,R,R,False,False,12
632,R,R,False,False,13
633,R,R,False,False,3
634,R,R,False,False,5
635,R,R,False,False,13
636,R,R,False,False,53
637,R,R,False,False,14
638,R,R,False,False,26
639,R,R,False,False,7
640,R,R,False,False,36
641,R,R,False,False,71
642,R,fontconfig,False,False,86
643,R,R,False,False,29
644,R,R,False,False,17
645,R,R,False,False,13
646,R,R,False,False,23
647,R,R,False,False,49
648,R,R,False,False,11
649,R,R,False,False,38
650,R,PSIPRED,False,False,76
651,R,R,False,False,15
652,R,GObject-Introspection,False,False,70
653,R,UDUNITS,False,False,100
654,CD-HIT,XZ,False,False,110
655,CD-HIT,CD-HIT,False,False,51
656,CD-HIT,CD-HIT,False,False,58
657,CD-HIT,CD-HIT,False,False,62
658,CD-HIT,CD-HIT,False,False,21
659,CD-HIT,fastQValidator,False,False,70
660,lz4,lz4,False,False,29
661,lz4,M4,False,False,69
662,minimap2,M4,False,False,83
663,minimap2,BWA,False,False,77
664,wheel,wheel,False,False,10
665,wheel,wheel,False,False,8
666,wheel,tqdm,False,False,54
667,FreeSurfer,FreeSurfer,False,False,12
668,FreeSurfer,ProMod3,False,False,202
669,Tk,Tk,False,False,46
670,Tk,Tk,False,False,46
671,Tk,GSL,False,False,45
672,Tk,ICU,False,False,58
673,tn93,tn93,False,False,50
674,tn93,XZ,False,False,100
675,NASM,NASM,False,False,54
676,NASM,NASM,False,False,6
677,NASM,Bison,False,False,145
678,NASM,NASM,False,False,19
679,NASM,NASM,False,False,85
680,NASM,NASM,False,False,53
681,NASM,NASM,False,False,65
682,NASM,FASTA,False,False,205
683,DBus,DBus,False,False,33
684,DBus,binutils,False,False,80
685,OpenStructure,OpenStructure,False,False,3
686,OpenStructure,OpenStructure,False,False,3
687,OpenStructure,OpenStructure,False,False,1
688,OpenStructure,OpenStructure,False,False,12
689,OpenStructure,OpenStructure,False,False,1
690,OpenStructure,OpenStructure,False,False,1
691,OpenStructure,OpenStructure,False,False,7
692,OpenStructure,OpenStructure,False,False,10
693,OpenStructure,OpenStructure,False,False,3
694,OpenStructure,OpenStructure,False,False,1
695,OpenStructure,OpenStructure,False,False,61
696,OpenStructure,OpenStructure,False,False,49
697,OpenStructure,OpenStructure,False,False,2
698,OpenStructure,OpenStructure,False,False,2
699,OpenStructure,OpenStructure,False,False,3
700,OpenStructure,OpenStructure,False,False,2
701,OpenStructure,OpenStructure,False,False,4
702,OpenStructure,OpenStructure,False,False,7
703,OpenStructure,OpenStructure,False,False,1
704,OpenStructure,OpenStructure,False,False,6
705,OpenStructure,SeqPrep,False,False,189
706,OpenStructure,OpenStructure,False,False,82
707,OpenStructure,gzip,False,False,162
708,Mothur,BLAST+,False,False,151
709,Mothur,GROMACS,False,False,156
710,binutils,binutils,False,False,17
711,binutils,binutils,False,False,36
712,binutils,binutils,False,False,23
713,binutils,binutils,False,False,24
714,binutils,binutils,False,False,32
715,binutils,binutils,False,False,22
716,binutils,binutils,False,False,9
717,binutils,binutils,False,False,20
718,binutils,binutils,False,False,28
719,binutils,gettext,False,False,70
720,binutils,binutils,False,False,42
721,binutils,binutils,False,False,55
722,binutils,binutils,False,False,103
723,binutils,binutils,False,False,42
724,binutils,binutils,False,False,31
725,binutils,binutils,False,False,12
726,binutils,binutils,False,False,31
727,binutils,kentUtils,False,False,96
728,binutils,OpenMPI,False,False,96
729,binutils,gperftools,False,False,205
730,binutils,FFTW,False,False,83
731,NSS,OpenMPI,False,False,74
732,NSS,PSIPRED,False,False,92
733,Java,fontconfig,False,False,104
734,Java,Java,False,False,3
735,Java,Java,False,False,31
736,Java,Java,False,False,31
737,Java,Java,False,False,74
738,Java,Java,False,False,51
739,Java,Java,False,False,81
740,Java,Java,False,False,59
741,Java,GLPK,False,False,115
742,Java,Java,False,False,74
743,Java,GLPK,False,False,127
744,Java,FFTW,False,False,91
745,IOR,IOR,False,False,64
746,IOR,EIGENSOFT,False,False,130
747,IOR,M4,False,False,97
748,HPL,M4,False,False,99
749,HPL,MMseqs2,False,False,198
750,gzip,XZ,False,False,62
751,gzip,LMDB,False,False,72
752,gzip,gzip,False,False,67
753,gzip,XZ,False,False,72
754,GMAP-GSNAP,GMAP-GSNAP,False,False,15
755,GMAP-GSNAP,GMAP-GSNAP,False,False,14
756,GMAP-GSNAP,fontconfig,False,False,75
757,GMAP-GSNAP,GMAP-GSNAP,False,False,16
758,GMAP-GSNAP,GSL,False,False,69
759,GMAP-GSNAP,GMAP-GSNAP,False,False,19
760,GMAP-GSNAP,fastp,False,False,192
761,GMAP-GSNAP,ICU,False,False,82
762,libarchive,libarchive,False,False,14
763,libarchive,libarchive,False,False,19
764,libarchive,libarchive,False,False,21
765,libarchive,libarchive,False,False,18
766,libarchive,libarchive,False,False,39
767,libarchive,tmux,False,False,44
768,netCDF-Fortran,netCDF-Fortran,False,False,48
769,netCDF-Fortran,netCDF-Fortran,False,False,71
770,netCDF-Fortran,NSPR,False,False,158
771,util-linux,util-linux,False,False,55
772,util-linux,util-linux,False,False,55
773,util-linux,util-linux,False,False,67
774,util-linux,util-linux,False,False,99
775,util-linux,TRE,False,False,119
776,util-linux,fontconfig,False,False,89
777,util-linux,UDUNITS,False,False,82
778,GCC,GCC,False,False,14
779,GCC,GCC,False,False,41
780,GCC,BWA,False,False,78
781,GCC,GCC,False,False,18
782,GCC,Bison,False,False,68
783,GCC,kentUtils,False,False,97
784,OpenMalaria,OpenMalaria,False,False,5
785,OpenMalaria,OpenMalaria,False,False,7
786,OpenMalaria,OpenMalaria,False,False,10
787,OpenMalaria,OpenMalaria,False,False,14
788,OpenMalaria,OpenMalaria,False,False,1
789,OpenMalaria,OpenMalaria,False,False,10
790,OpenMalaria,OpenMalaria,False,False,35
791,OpenMalaria,OpenMalaria,False,False,1
792,OpenMalaria,OpenMalaria,False,False,8
793,OpenMalaria,OpenMalaria,False,False,79
794,OpenMalaria,OpenMalaria,False,False,1
795,OpenMalaria,OpenMalaria,False,False,9
796,OpenMalaria,OpenMalaria,False,False,3
797,OpenMalaria,OpenMalaria,False,False,6
798,OpenMalaria,OpenMalaria,False,False,4
799,OpenMalaria,OpenMalaria,False,False,23
800,OpenMalaria,MAGMA,False,False,108
801,OpenMalaria,OpenMalaria,False,False,7
802,OpenMalaria,bcl2fastq2,False,False,129
803,OpenMalaria,OpenMalaria,False,False,11
804,OpenMalaria,OpenMalaria,False,False,10
805,OpenMalaria,OpenMalaria,False,False,13
806,OpenMalaria,OpenMalaria,False,False,59
807,OpenMalaria,SLiM,False,False,135
808,cairo,cairo,False,False,7
809,cairo,ProMod3,False,False,175
810,SciPy-bundle,tqdm,False,False,48
811,SciPy-bundle,Unicycler,False,False,37
812,SciPy-bundle,numpy,False,False,83
813,ConSurf,ConSurf,False,False,6
814,ConSurf,MAFFT,False,False,175
815,SQLite,SQLite,False,False,13
816,SQLite,SQLite,False,False,16
817,SQLite,SQLite,False,False,11
818,SQLite,SQLite,False,False,25
819,SQLite,FLASH,False,False,79
820,SQLite,SQLite,False,False,18
821,SQLite,SQLite,False,False,19
822,SQLite,SQLite,False,False,21
823,SQLite,SQLite,False,False,22
824,SQLite,SQLite,False,False,19
825,SQLite,SQLite,False,False,11
826,SQLite,BEDTools,False,False,92
827,SQLite,tmux,False,False,61
828,SQLite,SAMtools,False,False,56
829,FASTA,FASTA,False,False,58
830,FASTA,BWA,False,False,92
831,FASTA,BWA,False,False,81
832,GObject-Introspection,fontconfig,False,False,98
833,GObject-Introspection,ImageMagick,False,False,79
834,Cas-OFFinder,Cas-OFFinder,False,False,57
835,Cas-OFFinder,Cas-OFFinder,False,False,85
836,Cas-OFFinder,fastQValidator,False,False,86
837,Xerces-C,Xerces-C,False,False,35
838,Xerces-C,FastTree,False,False,205
839,FriBidi,FriBidi,False,False,44
840,FriBidi,FriBidi,False,False,41
841,FriBidi,FriBidi,False,False,76
842,FriBidi,UDUNITS,False,False,97
843,icc,ifort,False,False,26
844,icc,ifort,False,False,28
845,icc,ifort,False,False,44
846,icc,ifort,False,False,40
847,icc,ifort,False,False,21
848,VASP,VASP,False,False,17
849,VASP,BigDFT,False,False,177
850,PRANK,PRANK,False,False,56
851,PRANK,PRANK,False,False,67
852,PRANK,HMMER,False,False,91
853,PRANK,AUGUSTUS,False,False,107
854,gperf,gperf,False,False,28
855,gperf,gperf,False,False,29
856,gperf,gperf,False,False,41
857,gperf,gperf,False,False,75
858,gperf,LMDB,False,False,77
859,gperf,bzip2,False,False,69
860,XZ,XZ,False,False,26
861,XZ,XZ,False,False,37
862,XZ,XZ,False,False,17
863,XZ,XZ,False,False,36
864,XZ,XZ,False,False,43
865,XZ,XZ,False,False,29
866,XZ,XZ,False,False,50
867,XZ,XZ,False,False,27
868,XZ,XZ,False,False,44
869,XZ,LMDB,False,False,81
870,bcl2fastq2,breseq,False,False,105
871,bcl2fastq2,BEDTools,False,False,154
872,MCL,MCL,False,False,59
873,MCL,MCL,False,False,21
874,MCL,M4,False,False,57
875,numpy,Unicycler,False,False,126
876,numpy,numpy,False,False,79
877,numpy,numpy,False,False,34
878,numpy,numpy,False,False,112
879,numpy,tqdm,False,False,169
880,PyQt5,PyQt5,False,False,37
881,PyQt5,PyQt5,False,False,45
882,PyQt5,MACS2,False,False,161
883,io_lib,io_lib,False,False,83
884,io_lib,BUSCO,False,False,164
885,Jellyfish,Jellyfish,False,False,89
886,Jellyfish,Jellyfish,False,False,49
887,Jellyfish,Jellyfish,False,False,121
888,Jellyfish,MUSCLE,False,False,87
889,Jellyfish,Bison,False,False,131
890,Minia,M4,False,False,119
891,Minia,HH-suite,False,False,174
892,Emacs,Emacs,False,False,74
893,Emacs,SRA-Toolkit,False,False,189
894,Emacs,BLAST,False,False,78
895,xprop,xprop,False,False,42
896,xprop,gettext,False,False,98
897,Lua,M4,False,False,84
898,Lua,M4,False,False,66
899,BUSCO,BUSCO,False,False,28
900,BUSCO,ProMod3,False,False,214
901,Ninja,Ninja,False,False,19
902,Ninja,Ninja,False,False,28
903,Ninja,Ninja,False,False,59
904,Ninja,Ninja,False,False,58
905,Ninja,Ninja,False,False,79
906,Ninja,TM-align,False,False,156
907,EIGENSOFT,EIGENSOFT,False,False,11
908,EIGENSOFT,o2scl,False,False,178
909,fontconfig,ICU,False,False,63
910,fontconfig,protobuf,False,False,99
911,fontconfig,fontconfig,False,False,46
912,fontconfig,PSIPRED,False,False,79
913,fontconfig,UDUNITS,False,False,60
914,fontconfig,UDUNITS,False,False,100
915,fontconfig,libfabric,False,False,54
916,fontconfig,GSL,False,False,55
917,raven,kallisto,False,False,88
918,raven,ClustalW2,False,False,82
919,raven,breseq,False,False,142
920,BWA,SAMtools,False,False,50
921,BWA,BWA,False,False,19
922,BWA,BWA,False,False,12
923,BWA,BWA,False,False,17
924,BWA,BWA,False,False,72
925,BWA,BWA,False,False,28
926,BWA,BWA,False,False,14
927,BWA,BWA,False,False,18
928,BWA,BWA,False,False,25
929,BWA,BWA,False,False,28
930,BWA,BWA,False,False,40
931,BWA,Bison,False,False,106
932,Bowtie,ClustalW2,False,False,72
933,Bowtie,Bowtie,False,False,8
934,Bowtie,Bowtie,False,False,47
935,Bowtie,Bowtie,False,False,131
936,Bowtie,Bowtie,False,False,34
937,Bowtie,ProMod3,False,False,220
938,USEARCH,USEARCH,False,False,63
939,USEARCH,kallisto,False,False,126
940,h5py,GPy,False,False,38
941,GPy,future,False,False,61
942,Meson,hypothesis,False,False,31
943,Meson,Anaconda3,False,False,40
944,Zip,Zip,False,False,53
945,Zip,FLAC,False,False,83
946,cURL,cURL,False,False,31
947,cURL,cURL,False,False,59
948,cURL,cURL,False,False,42
949,cURL,cURL,False,False,59
950,cURL,cURL,False,False,37
951,cURL,cURL,False,False,93
952,cURL,cURL,False,False,43
953,cURL,cURL,False,False,98
954,cURL,FastTree,False,False,101
955,cURL,M4,False,False,90
956,CDO,CDO,False,False,2
957,CDO,MMseqs2,False,False,98
958,Exonerate,Exonerate,False,False,52
959,Exonerate,Exonerate,False,False,45
960,Exonerate,Exonerate,False,False,77
961,Exonerate,xtb,False,False,191
962,MrBayes,MrBayes,False,False,63
963,MrBayes,MIGRATE-N,False,False,62
964,MrBayes,RAxML-NG,False,False,85
965,STAR,STAR,False,False,23
966,STAR,STAR,False,False,21
967,STAR,STAR,False,False,30
968,STAR,STAR,False,False,26
969,STAR,STAR,False,False,22
970,STAR,STAR,False,False,41
971,STAR,STAR,False,False,48
972,STAR,STAR,False,False,13
973,STAR,STAR,False,False,65
974,STAR,STAR,False,False,79
975,STAR,git,False,False,84
976,STAR,RAxML-NG,False,False,79
977,ProMod3,ProMod3,False,False,2
978,ProMod3,ProMod3,False,False,2
979,ProMod3,ProMod3,False,False,6
980,ProMod3,ProMod3,False,False,1
981,ProMod3,ProMod3,False,False,1
982,ProMod3,ProMod3,False,False,10
983,ProMod3,ProMod3,False,False,1
984,ProMod3,ProMod3,False,False,2
985,ProMod3,ProMod3,False,False,1
986,ProMod3,ProMod3,False,False,32
987,ProMod3,ProMod3,False,False,2
988,ProMod3,ProMod3,False,False,8
989,ProMod3,ProMod3,False,False,43
990,ProMod3,ProMod3,False,False,16
991,ProMod3,ProMod3,False,False,5
992,ProMod3,ProMod3,False,False,109
993,ProMod3,ProMod3,False,False,24
994,ProMod3,ProMod3,False,False,33
995,ProMod3,ProMod3,False,False,8
996,ProMod3,ProMod3,False,False,30
997,ProMod3,Beast2,False,False,180
998,FLASH,FLASH,False,False,79
999,FLASH,MUMmer,False,False,111
1000,LMDB,LMDB,False,False,25
1001,LMDB,LMDB,False,False,23
1002,LMDB,LMDB,False,False,38
1003,LMDB,MUMmer,False,False,87
1004,kentUtils,kentUtils,False,False,30
1005,kentUtils,freebayes,False,False,99
1006,kentUtils,tmux,False,False,114
1007,MIGRATE-N,MIGRATE-N,False,False,39
1008,MIGRATE-N,RAxML,False,False,78
1009,scikit-image,scikit-image,False,False,13
1010,scikit-image,PyTorch,False,False,67
1011,scikit-image,Tensorflow,False,False,47
1012,pkgconf,pkgconf,False,False,69
1013,pkgconf,pkgconf,False,False,43
1014,pkgconf,gettext,False,False,90
1015,GROMACS,GROMACS,False,False,11
1016,GROMACS,HH-suite,False,False,176
1017,GLPK,FFTW,False,False,100
1018,GLPK,Guile,False,False,68
1019,HMMER,HMMER,False,False,29
1020,HMMER,HMMER,False,False,28
1021,HMMER,HMMER,False,False,41
1022,HMMER,HMMER,False,False,34
1023,HMMER,tmux,False,False,77
1024,gperftools,gperftools,False,False,8
1025,gperftools,Automake,False,False,177
1026,PhyML,SAMtools,False,False,76
1027,PhyML,PhyML,False,False,26
1028,PhyML,PhyML,False,False,26
1029,PhyML,RAxML,False,False,50
1030,Octave,Octave,False,False,27
1031,Octave,UDUNITS,False,False,82
1032,o2scl,FLAC,False,False,135
1033,o2scl,kallisto,False,False,140
1034,BigDFT,BigDFT,False,False,1
1035,BigDFT,Doxygen,False,False,121
1036,BigDFT,LDC,False,False,112
1037,FLAC,FLAC,False,False,23
1038,FLAC,FLAC,False,False,33
1039,FLAC,M4,False,False,98
1040,HTSeq,HTSeq,False,False,29
1041,HTSeq,HTSeq,False,False,53
1042,HTSeq,HTSeq,False,False,62
1043,HTSeq,MACS2,False,False,126
1044,HTSeq,Sphinx,False,False,164
1045,MolScript,MolScript,False,False,42
1046,MolScript,MolScript,False,False,81
1047,MolScript,MolScript,False,False,77
1048,MolScript,JasPer,False,False,103
1049,tqdm,Flye,False,False,49
1050,tqdm,Flye,False,False,30
1051,CRISPResso2,CRISPResso2,False,False,12
1052,CRISPResso2,hypothesis,False,False,55
1053,gettext,gettext,False,False,39
1054,gettext,gettext,False,False,47
1055,gettext,gettext,False,False,17
1056,gettext,gettext,False,False,57
1057,gettext,gettext,False,False,49
1058,gettext,gettext,False,False,30
1059,gettext,gettext,False,False,80
1060,gettext,libidn,False,False,90
1061,gettext,gettext,False,False,59
1062,gettext,gettext,False,False,77
1063,gettext,FFTW,False,False,92
1064,gettext,x265,False,False,126
1065,RAxML-NG,RAxML-NG,False,False,7
1066,RAxML-NG,RAxML-NG,False,False,5
1067,RAxML-NG,RAxML-NG,False,False,5
1068,RAxML-NG,RAxML-NG,False,False,12
1069,RAxML-NG,RAxML-NG,False,False,20
1070,RAxML-NG,BEDTools,False,False,81
1071,SortMeRNA,SortMeRNA,False,False,35
1072,SortMeRNA,Bison,False,False,80
1073,Sphinx,Sphinx,False,False,29
1074,Sphinx,PyTorch,False,False,81
1075,MATLAB,MATLAB,False,False,4
1076,MATLAB,MATLAB,False,False,4
1077,MATLAB,MATLAB,False,False,4
1078,MATLAB,MATLAB,False,False,43
1079,MATLAB,MAFFT,False,False,206
1080,Preseq,kallisto,False,False,95
1081,Preseq,AUGUSTUS,False,False,216
1082,GSL,GSL,False,False,37
1083,GSL,GSL,False,False,71
1084,GSL,GSL,False,False,8
1085,GSL,libfabric,False,False,67
1086,GSL,GSL,False,False,62
1087,GSL,GSL,False,False,3
1088,GSL,GSL,False,False,5
1089,GSL,OpenMPI,False,False,71
1090,GSL,Bison,False,False,127
1091,GSL,GSL,False,False,86
1092,GSL,protobuf,False,False,111
1093,Bazel,Bazel,False,False,85
1094,Bazel,Bazel,False,False,46
1095,Bazel,BEDTools,False,False,204
1096,Bazel,Bazel,False,False,256
1097,Bazel,BLAST,False,False,181
1098,BEDTools,BEDTools,False,False,5
1099,BEDTools,BEDTools,False,False,21
1100,BEDTools,BEDTools,False,False,14
1101,BEDTools,BEDTools,False,False,68
1102,BEDTools,BEDTools,False,False,57
1103,BEDTools,LDC,False,False,147
1104,BEDTools,AUGUSTUS,False,False,73
1105,zstd,zstd,False,False,78
1106,zstd,TM-align,False,False,124
1107,zstd,freebayes,False,False,142
1108,MUMmer,MUMmer,False,False,82
1109,MUMmer,MUMmer,False,False,56
1110,MUMmer,MUMmer,False,False,86
1111,MUMmer,Miniasm,False,False,86
1112,MUMmer,netCDF,False,False,98
1113,Tensorflow,Tensorflow,False,False,39
1114,Tensorflow,Tensorflow,False,False,42
1115,Tensorflow,Tensorflow,False,False,48
1116,Tensorflow,Flye,False,False,63
1117,Tensorflow,Anaconda2,False,False,84
1118,libfabric,OpenMPI,False,False,64
1119,libfabric,libfabric,False,False,77
1120,libfabric,ImageMagick,False,False,63
1121,Autoconf,Autoconf,False,False,1
1122,Autoconf,Autoconf,False,False,1
1123,Autoconf,Autoconf,False,False,2
1124,Autoconf,Autoconf,False,False,1
1125,Autoconf,Autoconf,False,False,1
1126,Autoconf,Autoconf,False,False,1
1127,Autoconf,Autoconf,False,False,2
1128,Autoconf,Autoconf,False,False,2
1129,Autoconf,Autoconf,False,False,1
1130,Autoconf,Autoconf,False,False,1
1131,Autoconf,Autoconf,False,False,120
1132,Autoconf,Autoconf,False,False,1
1133,Autoconf,FLTK,False,False,211
1134,PSIPRED,PSIPRED,False,False,50
1135,PSIPRED,PSIPRED,False,False,34
1136,PSIPRED,PSIPRED,False,False,78
1137,PSIPRED,RECON,False,False,100
1138,PSIPRED,PSIPRED,False,False,59
1139,PSIPRED,RECON,False,False,65
1140,TM-align,HH-suite,False,False,89
1141,TM-align,HH-suite,False,False,17
1142,TM-align,HH-suite,False,False,16
1143,Mono,Mono,False,False,37
1144,Mono,AUGUSTUS,False,False,151
1145,FastTree,FastTree,False,False,45
1146,FastTree,FastTree,False,False,38
1147,FastTree,FastTree,False,False,38
1148,FastTree,FastTree,False,False,48
1149,FastTree,JasPer,False,False,134
1150,tbl2asn,tbl2asn,False,False,23
1151,tbl2asn,tbl2asn,False,False,15
1152,tbl2asn,tbl2asn,False,False,9
1153,tbl2asn,Salmon,False,False,100
1154,tmux,tmux,False,False,27
1155,tmux,tmux,False,False,28
1156,tmux,tmux,False,False,54
1157,tmux,BLAST,False,False,145
1158,tmux,tmux,False,False,23
1159,tmux,Bison,False,False,64
1160,tmux,SAMtools,False,False,62
1161,DB,DB,False,False,64
1162,DB,DB,False,False,64
1163,DB,DB,False,False,49
1164,DB,DB,False,False,21
1165,DB,DB,False,False,90
1166,DB,DB,False,False,110
1167,DB,DB,False,False,73
1168,DB,libsndfile,False,False,119
1169,MMseqs2,prodigal,False,False,193
1170,MMseqs2,BLAST,False,False,108
1171,BLAST+,BLAST+,False,False,19
1172,BLAST+,BLAST+,False,False,9
1173,BLAST+,BLAST+,False,False,41
1174,BLAST+,BLAST+,False,False,18
1175,BLAST+,BLAST+,False,False,34
1176,BLAST+,BLAST+,False,False,16
1177,BLAST+,BLAST+,False,False,20
1178,BLAST+,BLAST+,False,False,9
1179,BLAST+,BLAST+,False,False,44
1180,BLAST+,BLAST+,False,False,102
1181,BLAST+,BLAST+,False,False,85
1182,BLAST+,BLAST+,False,False,124
1183,BLAST+,BLAST+,False,False,11
1184,BLAST+,BLAST+,False,False,75
1185,BLAST+,BLAST,False,False,48
1186,BLAST+,Salmon,False,False,89
1187,BLAST+,SRA-Toolkit,False,False,138
1188,matplotlib,PyTorch,False,False,99
1189,matplotlib,MACS2,False,False,103
1190,X11,X11,False,False,35
1191,X11,X11,False,False,85
1192,X11,X11,False,False,122
1193,X11,X11,False,False,35
1194,X11,JasPer,False,False,77
1195,X11,ISA-L,False,False,82
1196,M4,M4,False,False,39
1197,M4,M4,False,False,30
1198,M4,M4,False,False,30
1199,M4,M4,False,False,30
1200,M4,M4,False,False,37
1201,M4,M4,False,False,38
1202,M4,M4,False,False,27
1203,M4,M4,False,False,33
1204,M4,M4,False,False,128
1205,M4,M4,False,False,18
1206,M4,M4,False,False,28
1207,M4,JasPer,False,False,54
1208,M4,flex,False,False,94
1209,M4,M4,False,False,40
1210,M4,JasPer,False,False,95
1211,M4,M4,False,False,54
1212,M4,fastQValidator,False,False,64
1213,netCDF,netCDF,False,False,46
1214,netCDF,netCDF,False,False,54
1215,netCDF,netCDF,False,False,53
1216,netCDF,netCDF,False,False,12
1217,netCDF,PCRE,False,False,76
1218,netCDF,bzip2,False,False,121
1219,ISA-L,ISA-L,False,False,61
1220,ISA-L,TRE,False,False,105
1221,BLAST,BLAST,False,False,27
1222,BLAST,BLAST,False,False,23
1223,BLAST,SRA-Toolkit,False,False,143
1224,BLAST,BLAST,False,False,55
1225,BLAST,BLAST,False,False,48
1226,BLAST,SLiM,False,False,80
1227,SeqAn,SeqAn,False,False,67
1228,SeqAn,kallisto,False,False,144
1229,Flye,Unicycler,False,False,51
1230,Flye,future,False,False,52
1231,TRE,JasPer,False,False,117
1232,TRE,UDUNITS,False,False,113
1233,hypothesis,Anaconda2,False,False,58
1234,hypothesis,future,False,False,80
1235,xtb,XSD,False,False,131
1236,xtb,ORCA,False,False,36
1237,SIP,SIP,False,False,39
1238,SIP,SIP,False,False,36
1239,SIP,PyTorch,False,False,106
1240,SIP,SIP,False,False,55
1241,SIP,kallisto,False,False,83
1242,fastQValidator,fastQValidator,False,False,27
1243,fastQValidator,fastQValidator,False,False,47
1244,fastQValidator,fastQValidator,False,False,27
1245,fastQValidator,fastQValidator,False,False,11
1246,fastQValidator,fastQValidator,False,False,40
1247,fastQValidator,ABySS,False,False,92
1248,PCRE2,PCRE2,False,False,7
1249,PCRE2,Micro-Manager,False,False,176
1250,Julia,Julia,False,False,51
1251,Julia,JasPer,False,False,104
1252,Julia,Julia,False,False,44
1253,Julia,Julia,False,False,59
1254,Julia,Julia,False,False,61
1255,Julia,Julia,False,False,105
1256,Julia,PMIx,False,False,118
1257,VSEARCH,VSEARCH,False,False,14
1258,VSEARCH,Bison,False,False,64
1259,VSEARCH,Bison,False,False,161
1260,numba,numba,False,False,11
1261,numba,MACS2,False,False,162
1262,numba,Unicycler,False,False,140
1263,AUGUSTUS,AUGUSTUS,False,False,58
1264,AUGUSTUS,RELION,False,False,202
1265,AUGUSTUS,AUGUSTUS,False,False,48
1266,AUGUSTUS,AUGUSTUS,False,False,37
1267,AUGUSTUS,SRA-Toolkit,False,False,176
1268,AUGUSTUS,breseq,False,False,77
1269,AUGUSTUS,kallisto,False,False,71
1270,breseq,git,False,False,116
1271,breseq,breseq,False,False,17
1272,breseq,MAGMA,False,False,88
1273,PCRE,FFTW,False,False,87
1274,PCRE,PCRE,False,False,68
1275,PCRE,PCRE,False,False,118
1276,PCRE,PCRE,False,False,64
1277,PCRE,PCRE,False,False,46
1278,PCRE,x265,False,False,141
1279,x264,x264,False,False,26
1280,x264,x264,False,False,19
1281,x264,x264,False,False,18
1282,x264,SAMtools,False,False,117
1283,cjarchiver,cjarchiver,False,False,4
1284,cjarchiver,Guile,False,False,220
1285,ifort,ifort,False,False,32
1286,ifort,ifort,False,False,55
1287,ifort,ifort,False,False,79
1288,ifort,ifort,False,False,25
1289,ifort,git,False,False,94
1290,KvarQ,Unicycler,False,False,85
1291,KvarQ,future,False,False,70
1292,libidn,FFTW,False,False,111
1293,libidn,OpenMM,False,False,124
1294,MView,MView,False,False,11
1295,MView,canu,False,False,192
1296,ARIBA,protobuf,False,False,248
1297,ARIBA,MACS2,False,False,136
1298,LDC,SRA-Toolkit,False,False,119
1299,LDC,Salmon,False,False,129
1300,Doxygen,Doxygen,False,False,108
1301,Doxygen,Salmon,False,False,124
1302,Doxygen,Salmon,False,False,128
1303,Miniasm,FFTW,False,False,131
1304,Miniasm,bzip2,False,False,118
1305,kallisto,kallisto,False,False,52
1306,kallisto,kallisto,False,False,87
1307,kallisto,SAMtools,False,False,45
1308,kallisto,SAMtools,False,False,79
1309,kallisto,SAMtools,False,False,55
1310,XSD,XSD,False,False,48
1311,XSD,XSD,False,False,60
1312,XSD,XSD,False,False,56
1313,XSD,SLiM,False,False,144
1314,SLiM,SLiM,False,False,19
1315,SLiM,git,False,False,185
1316,SAMtools,SAMtools,False,False,24
1317,SAMtools,SAMtools,False,False,10
1318,SAMtools,SAMtools,False,False,19
1319,SAMtools,SAMtools,False,False,26
1320,SAMtools,SAMtools,False,False,40
1321,SAMtools,SAMtools,False,False,15
1322,SAMtools,SAMtools,False,False,10
1323,SAMtools,SAMtools,False,False,18
1324,SAMtools,SAMtools,False,False,20
1325,SAMtools,SAMtools,False,False,30
1326,SAMtools,SAMtools,False,False,17
1327,SAMtools,SAMtools,False,False,22
1328,SAMtools,SAMtools,False,False,29
1329,SAMtools,Bison,False,False,79
1330,SAMtools,SAMtools,False,False,55
1331,SAMtools,SAMtools,False,False,53
1332,SAMtools,MUSCLE,False,False,57
1333,SAMtools,ClustalW2,False,False,109
1334,x265,x265,False,False,34
1335,x265,x265,False,False,111
1336,x265,x265,False,False,26
1337,x265,ABySS,False,False,131
1338,FLTK,FLTK,False,False,62
1339,FLTK,FLTK,False,False,22
1340,FLTK,intltool,False,False,203
1341,ABySS,ABySS,False,False,37
1342,ABySS,JasPer,False,False,195
1343,RevBayes,RevBayes,False,False,22
1344,RevBayes,RevBayes,False,False,11
1345,RevBayes,RevBayes,False,False,70
1346,RevBayes,SRA-Toolkit,False,False,116
1347,MAGMA,MAGMA,False,False,23
1348,MAGMA,MAGMA,False,False,18
1349,MAGMA,git,False,False,99
1350,PyTorch,future,False,False,102
1351,PyTorch,Unicycler,False,False,153
1352,UDUNITS,UDUNITS,False,False,67
1353,UDUNITS,OpenMPI,False,False,119
1354,UDUNITS,JasPer,False,False,78
1355,SRA-Toolkit,SRA-Toolkit,False,False,52
1356,SRA-Toolkit,Salmon,False,False,162
1357,poppler,Koadic,False,True,197
1358,poppler,libsndfile,False,False,92
1359,Unicycler,Unicycler,False,False,80
1360,Unicycler,Anaconda3,False,False,61
1361,Unicycler,future,False,False,143
1362,Unicycler,future,False,False,71
1363,FFTW,FFTW,False,False,42
1364,FFTW,FFTW,False,False,8
1365,FFTW,FFTW,False,False,11
1366,FFTW,FFTW,False,False,32
1367,FFTW,FFTW,False,False,72
1368,FFTW,FFTW,False,False,43
1369,FFTW,FFTW,False,False,60
1370,FFTW,FFTW,False,False,55
1371,FFTW,PMIx,False,False,97
1372,NSPR,NSPR,False,False,10
1373,NSPR,ImageMagick,False,False,195
1374,TopHat,TopHat,False,False,5
1375,TopHat,MAFFT,False,False,266
1376,intltool,intltool,False,False,3
1377,intltool,intltool,False,False,1
1378,intltool,intltool,False,False,4
1379,intltool,intltool,False,False,2
1380,intltool,protobuf,False,False,270
1381,Anaconda3,Anaconda3,False,False,18
1382,Anaconda3,Anaconda2,False,False,6
1383,canu,canu,False,False,89
1384,canu,PMIx,False,False,199
1385,RELION,RELION,False,False,46
1386,RELION,JasPer,False,False,108
1387,RELION,RELION,False,False,1
1388,RELION,RELION,False,False,30
1389,RELION,OpenMPI,False,False,98
1390,RELION,RELION,False,False,211
1391,RELION,git,False,False,149
1392,HH-suite,HH-suite,False,False,122
1393,HH-suite,HH-suite,False,False,1
1394,HH-suite,HH-suite,False,False,3
1395,HH-suite,freebayes,False,False,177
1396,HH-suite,Salmon,False,False,261
1397,flex,flex,False,False,42
1398,flex,flex,False,False,60
1399,flex,flex,False,False,54
1400,flex,flex,False,False,47
1401,flex,flex,False,False,52
1402,flex,flex,False,False,67
1403,flex,flex,False,False,25
1404,flex,flex,False,False,60
1405,flex,flex,False,False,62
1406,flex,flex,False,False,90
1407,flex,flex,False,False,43
1408,flex,flex,False,False,72
1409,flex,JasPer,False,False,129
1410,flex,Bison,False,False,154
1411,RECON,RECON,False,False,101
1412,RECON,RECON,False,False,108
1413,RECON,protobuf,False,False,109
1414,ImageMagick,ImageMagick,False,False,54
1415,ImageMagick,protobuf,False,False,97
1416,ImageMagick,Beast2,False,False,235
1417,OpenMM,OpenMM,False,False,101
1418,OpenMM,OpenMM,False,False,113
1419,OpenMM,OpenMM,False,False,67
1420,OpenMM,OpenMM,False,False,11
1421,OpenMM,OpenMM,False,False,122
1422,OpenMM,Valgrind,False,False,177
1423,PMIx,PMIx,False,False,118
1424,PMIx,PMIx,False,False,43
1425,PMIx,Qt5,False,False,110
1426,geocoder,Anaconda2,False,False,146
1427,geocoder,future,False,False,200
1428,MAFFT,MAFFT,False,False,3
1429,MAFFT,MAFFT,False,False,15
1430,MAFFT,MAFFT,False,False,4
1431,MAFFT,MAFFT,False,False,3
1432,MAFFT,MAFFT,False,False,13
1433,MAFFT,MAFFT,False,False,45
1434,MAFFT,Koadic,False,True,213
1435,Guile,Guile,False,False,103
1436,Guile,OpenMPI,False,False,138
1437,future,Anaconda2,False,False,115
1438,future,Anaconda2,False,False,179
1439,Valgrind,Valgrind,False,False,24
1440,Valgrind,Valgrind,False,False,100
1441,Valgrind,Valgrind,False,False,143
1442,Valgrind,Valgrind,False,False,77
1443,Valgrind,OpenMPI,False,False,205
1444,RAxML,RAxML,False,False,10
1445,RAxML,RAxML,False,False,11
1446,RAxML,RAxML,False,False,16
1447,RAxML,RAxML,False,False,8
1448,RAxML,RAxML,False,False,14
1449,RAxML,RAxML,False,False,17
1450,RAxML,RAxML,False,False,58
1451,RAxML,RAxML,False,False,60
1452,RAxML,RAxML,False,False,9
1453,RAxML,RAxML,False,False,34
1454,RAxML,RAxML,False,False,17
1455,RAxML,ClustalW2,False,False,144
1456,libsndfile,JasPer,False,False,88
1457,libsndfile,JasPer,False,False,85
1458,libsndfile,OpenMPI,False,False,122
1459,ClustalW2,ClustalW2,False,False,41
1460,ClustalW2,ClustalW2,False,False,66
1461,ClustalW2,ClustalW2,False,False,78
1462,ClustalW2,Bison,False,False,121
1463,JasPer,JasPer,False,False,74
1464,JasPer,MUSCLE,False,False,84
1465,JasPer,Qt5,False,False,103
1466,Bison,Bison,False,False,27
1467,Bison,Bison,False,False,32
1468,Bison,Bison,False,False,40
1469,Bison,Bison,False,False,24
1470,Bison,Bison,False,False,28
1471,Bison,Bison,False,False,41
1472,Bison,Bison,False,False,63
1473,Bison,Bison,False,False,21
1474,Bison,Bison,False,False,41
1475,Bison,Bison,False,False,40
1476,Bison,Bison,False,False,19
1477,Bison,Bison,False,False,61
1478,Bison,Bison,False,False,27
1479,Bison,git,False,False,161
1480,Bison,Bison,False,False,70
1481,Bison,Racon,False,False,73
1482,Beast2,Beast2,False,False,29
1483,Beast2,Beast2,False,False,63
1484,Beast2,Micro-Manager,False,False,236
1485,MACS2,Anaconda2,False,False,173
1486,MACS2,MACS2,False,False,61
1487,MACS2,MACS2,False,False,1
1488,MACS2,SeqPrep,False,False,216
1489,MACS2,Anaconda2,False,False,233
1490,OpenMPI,OpenMPI,False,False,52
1491,OpenMPI,OpenMPI,False,False,92
1492,OpenMPI,OpenMPI,False,False,3
1493,OpenMPI,OpenMPI,False,False,28
1494,OpenMPI,OpenMPI,False,False,64
1495,OpenMPI,OpenMPI,False,False,20
1496,OpenMPI,OpenMPI,False,False,91
1497,OpenMPI,OpenMPI,False,False,30
1498,OpenMPI,ICU,False,False,77
1499,OpenMPI,ICU,False,False,105
1500,OpenMPI,OpenMPI,False,False,20
1501,OpenMPI,OpenMPI,False,False,63
1502,OpenMPI,OpenMPI,False,False,83
1503,OpenMPI,OpenMPI,False,False,72
1504,OpenMPI,OpenMPI,False,False,29
1505,OpenMPI,OpenMPI,False,False,28
1506,OpenMPI,OpenMPI,False,False,52
1507,OpenMPI,OpenMPI,False,False,43
1508,OpenMPI,Qt5,False,False,191
1509,OpenMPI,SeqPrep,False,False,234
1510,OpenMPI,protobuf,False,False,115
1511,protobuf,protobuf,False,False,64
1512,protobuf,protobuf,False,False,67
1513,protobuf,protobuf,False,False,44
1514,protobuf,protobuf,False,False,58
1515,protobuf,protobuf,False,False,60
1516,protobuf,protobuf,False,False,83
1517,protobuf,protobuf,False,False,94
1518,protobuf,protobuf,False,False,134
1519,protobuf,ICU,False,False,114
1520,MUSCLE,MUSCLE,False,False,17
1521,MUSCLE,git,False,False,150
1522,MUSCLE,MUSCLE,False,False,33
1523,MUSCLE,Racon,False,False,85
1524,Racon,Racon,False,False,57
1525,Racon,Racon,False,False,42
1526,Racon,Qhull,False,False,143
1527,Automake,Automake,False,False,1
1528,Automake,Automake,False,False,1
1529,Automake,Automake,False,False,1
1530,Automake,Automake,False,False,1
1531,Automake,Automake,False,False,1
1532,Automake,Automake,False,False,2
1533,Automake,Automake,False,False,1
1534,Automake,Automake,False,False,1
1535,Automake,Automake,False,False,2
1536,Automake,Automake,False,False,1
1537,Automake,Automake,False,False,1
1538,Automake,Automake,False,False,6
1539,Automake,Automake,False,False,1
1540,Automake,bzip2,False,False,201
1541,git,git,False,False,113
1542,git,git,False,False,18
1543,git,git,False,False,26
1544,git,git,False,False,29
1545,git,git,False,False,26
1546,git,git,False,False,68
1547,git,freebayes,False,False,151
1548,ICU,ICU,False,False,54
1549,ICU,ICU,False,False,30
1550,ICU,Qt5,False,False,260
1551,bzip2,bzip2,False,False,18
1552,bzip2,bzip2,False,False,70
1553,bzip2,bzip2,False,False,55
1554,bzip2,bzip2,False,False,84
1555,bzip2,bzip2,False,False,73
1556,bzip2,bzip2,False,False,15
1557,bzip2,bzip2,False,False,8
1558,bzip2,bzip2,False,False,61
1559,bzip2,Qhull,False,False,137
1560,bzip2,bzip2,False,False,106
1561,bzip2,bzip2,False,False,33
1562,bzip2,bzip2,False,False,40
1563,bzip2,bzip2,False,False,145
1564,bzip2,Qhull,False,False,144
1565,Anaconda2,Anaconda2,False,False,157
1566,Anaconda2,Micro-Manager,False,False,259
1567,freebayes,Salmon,False,False,174
1568,freebayes,Salmon,False,False,201
1569,freebayes,Salmon,False,False,271
1570,fastp,fastp,False,False,25
1571,fastp,fastp,False,False,175
1572,fastp,Salmon,False,False,180
1573,ORCA,ORCA,False,False,1
1574,ORCA,ORCA,False,False,3
1575,ORCA,Salmon,False,False,387
1576,ORCA,Salmon,False,False,304
1577,Qt5,Qt5,False,False,23
1578,Qt5,Qt5,False,False,49
1579,Qt5,Qt5,False,False,45
1580,Qt5,help2man,False,False,222
1581,Micro-Manager,Micro-Manager,False,False,47
1582,Micro-Manager,Micro-Manager,False,False,42
1583,Micro-Manager,help2man,False,False,511
1584,prodigal,prodigal,False,False,20
1585,prodigal,prodigal,False,False,230
1586,prodigal,GrimPlant,False,True,242
1587,Salmon,Salmon,False,False,47
1588,Salmon,Salmon,False,False,36
1589,Salmon,Salmon,False,False,67
1590,Salmon,Salmon,False,False,71
1591,Salmon,Salmon,False,False,31
1592,Salmon,Salmon,False,False,119
1593,Salmon,GrimPlant,False,True,341
1594,Salmon,Android.Xavier,False,True,593
1595,SeqPrep,SeqPrep,False,False,151
1596,SeqPrep,SeqPrep,False,False,7
1597,SeqPrep,SeqPrep,False,False,26
1598,SeqPrep,SeqPrep,False,False,46
1599,SeqPrep,SeqPrep,False,False,12
1600,SeqPrep,SeqPrep,False,False,36
1601,SeqPrep,LokiPasswordStealer,False,True,191
1602,Qhull,Qhull,False,False,62
1603,Qhull,Bazarbackdoor,False,True,209
1604,help2man,help2man,False,False,3
1605,help2man,help2man,False,False,8
1606,help2man,help2man,False,False,2
1607,help2man,help2man,False,False,11
1608,help2man,help2man,False,False,1
1609,help2man,IcedId,False,True,327
1610,Bazarbackdoor,Koadic,True,True,217
1611,Koadic,Koadic,True,True,177
1612,Android.Xavier,LeetMX,True,True,273
1613,Android.Rummus,LeetMX,True,True,297
1614,NetWireRAT,NetWireRAT,True,True,1
1615,GootLoader,KRBanker,True,True,250
1616,Bashlite,Bashlite,True,True,56
1617,Ngrbot,Ngrbot,True,True,135
1618,IcedId,REvil,True,True,366
1619,GandCrab,GandCrab,True,True,1
1620,Conti,GandCrab,True,True,224
1621,Bazarbackdoor,LokiPasswordStealer,True,True,212
1622,LokiPasswordStealer,Bashlite,True,True,169
1623,GandCrab,GandCrab,True,True,83
1624,Android.Xavier,NetWireRAT,True,True,375
1625,GandCrab,GandCrab,True,True,4
1626,Koadic,Bazarbackdoor,True,True,237
1627,REvil,Bashlite,True,True,267
1628,Bazarbackdoor,Ngrbot,True,True,174
1629,GrimPlant,LokiPasswordStealer,True,True,530
1630,Bashlite,Bashlite,True,True,76
1631,LeetMX,NetWireRAT,True,True,261
1632,GandCrab,GandCrab,True,True,1
1633,GandCrab,GandCrab,True,True,143
1634,Bashlite,Ngrbot,True,True,192
1635,Upatre,GandCrab,True,True,229
1636,Ngrbot,Ngrbot,True,True,66
1637,GandCrab,GandCrab,True,True,2
1638,NetWireRAT,LokiPasswordStealer,True,True,346
1639,GandCrab,GandCrab,True,True,116
1640,UsbFerry,KRBanker,True,True,321
1641,LokiPasswordStealer,LokiPasswordStealer,True,True,3
1642,KRBanker,LokiPasswordStealer,True,True,344
1643,LokiPasswordStealer,Ngrbot,True,True,421
1644,Ngrbot,GandCrab,True,True,190
